OrderID,OrderLineNo,OrderDate,ShipDate,ShipMode,OrderStatus,PaymentMethod,Quantity,Discount,LineTotal
ORD-1001,3,21-02-2025,24-02-2025,Standard Class,Processing,Store Credit,5,0,3944.95
ORD-1002,3,26-07-2025,07-08-2025,Second Class,Delivered,PayPal,4,0,1031.72
ORD-1003,3,22-12-2025,01-01-2026,Same Day,Processing,Credit Card,1,0,50.72
ORD-1004,2,11-10-2024,18-10-2024,First Class,Cancelled,Debit Card,8,0,3158.32
ORD-1005,2,28-04-2026,08-05-2026,Same Day,Cancelled,Store Credit,9,0.2,1879.27
ORD-1006,1,07-11-2024,09-11-2024,Same Day,Returned,Store Credit,5,0.05,412.68
ORD-1007,2,14-07-2026,22-07-2026,Second Class,Processing,PayPal,6,0,979.74
ORD-1008,1,20-06-2025,29-06-2025,Standard Class,Shipped,Bank Transfer,1,0.1,6.82
ORD-1009,3,27-03-2026,08-04-2026,Same Day,Cancelled,Credit Card,8,0.15,7010.94
ORD-1010,3,13-02-2025,25-02-2025,First Class,Cancelled,Store Credit,4,0,1438.28
ORD-1011,2,01-06-2025,07-06-2025,First Class,Shipped,Credit Card,8,0,3823.68
ORD-1012,2,15-11-2025,19-11-2025,First Class,Returned,Store Credit,4,0.15,295.39
ORD-1013,1,16-12-2024,21-12-2024,First Class,Delivered,Store Credit,4,0,1438.28
ORD-1014,1,02-01-2025,11-01-2025,Same Day,Delivered,Credit Card,5,0.15,32.21
ORD-1015,1,26-03-2026,03-04-2026,First Class,Cancelled,Credit Card,6,0,2157.42
ORD-1016,1,24-01-2026,03-02-2026,First Class,Delivered,Debit Card,1,0,1001.33
ORD-1017,3,07-02-2026,17-02-2026,Second Class,Returned,Bank Transfer,10,0.2,8248.16
ORD-1018,3,26-04-2026,06-05-2026,Standard Class,Returned,Credit Card,7,0,1805.51
ORD-1019,1,24-03-2026,04-04-2026,Second Class,Returned,Credit Card,2,0,1499.34
ORD-1020,2,12-08-2025,24-08-2025,Standard Class,Shipped,PayPal,10,0.05,1782.67
ORD-1021,3,25-11-2024,27-11-2024,Second Class,Cancelled,Credit Card,4,0,1376.48
ORD-1022,1,16-03-2025,21-03-2025,Second Class,Processing,Store Credit,3,0,906.42
ORD-1023,2,06-08-2025,08-08-2025,Same Day,Processing,Store Credit,8,0.15,1753.92
ORD-1024,3,08-11-2024,18-11-2024,First Class,Returned,PayPal,1,0.05,1025.32
ORD-1025,1,15-04-2026,26-04-2026,Second Class,Cancelled,Store Credit,5,0.1,4747.81
ORD-1026,2,05-05-2026,15-05-2026,Standard Class,Cancelled,PayPal,7,0.15,5926.62
ORD-1027,3,22-08-2024,25-08-2024,Same Day,Processing,Bank Transfer,6,0.05,4247.41
ORD-1028,1,19-12-2024,25-12-2024,Same Day,Returned,Credit Card,5,0,691.5
ORD-1029,3,01-04-2026,08-04-2026,First Class,Returned,Bank Transfer,1,0,588.43
ORD-1030,1,04-04-2026,08-04-2026,First Class,Cancelled,Bank Transfer,5,0.1,4482.32
ORD-1031,3,30-01-2025,11-02-2025,Standard Class,Returned,Bank Transfer,3,0,1911.87
ORD-1032,1,30-06-2025,08-07-2025,Same Day,Processing,Store Credit,2,0.15,513.64
ORD-1033,3,03-06-2026,11-06-2026,Second Class,Cancelled,Debit Card,4,0.05,1219.95
ORD-1034,2,29-12-2025,31-12-2025,First Class,Returned,PayPal,5,0.2,1710.6
ORD-1035,2,17-02-2025,27-02-2025,Second Class,Cancelled,Store Credit,10,0.15,3056.34
ORD-1036,1,25-03-2026,02-04-2026,Second Class,Returned,Bank Transfer,6,0.2,2294.21
ORD-1037,2,05-08-2025,06-08-2025,Same Day,Cancelled,Debit Card,6,0.15,2932.45
ORD-1038,3,08-11-2025,10-11-2025,Same Day,Delivered,Debit Card,8,0,1106.4
ORD-1039,2,30-10-2024,01-11-2024,First Class,Returned,Bank Transfer,8,0.2,3765.95
ORD-1040,2,23-08-2024,03-09-2024,Same Day,Returned,Credit Card,9,0.05,9020.85
ORD-1041,1,30-04-2025,04-05-2025,Standard Class,Cancelled,Debit Card,2,0.05,1234.16
ORD-1042,2,09-10-2025,15-10-2025,First Class,Cancelled,Debit Card,1,0,605.91
ORD-1043,3,08-12-2024,11-12-2024,Same Day,Returned,Debit Card,3,0,3514.71
ORD-1044,2,29-04-2026,03-05-2026,Same Day,Processing,Credit Card,8,0.15,1753.92
ORD-1045,3,04-10-2025,06-10-2025,First Class,Cancelled,PayPal,8,0,842.56
ORD-1046,1,13-04-2025,20-04-2025,Same Day,Returned,PayPal,8,0,4599.92
ORD-1047,1,28-11-2024,29-11-2024,Standard Class,Returned,Bank Transfer,7,0,2516.99
ORD-1048,3,16-05-2026,26-05-2026,Second Class,Returned,PayPal,6,0,6841.8
ORD-1049,3,30-01-2026,10-02-2026,Standard Class,Processing,Bank Transfer,2,0.15,110.52
ORD-1050,3,17-12-2025,19-12-2025,Same Day,Shipped,Debit Card,5,0,4085.1
ORD-1051,1,25-02-2025,06-03-2025,First Class,Cancelled,PayPal,9,0,4885.47
ORD-1052,1,10-05-2025,12-05-2025,Same Day,Returned,PayPal,3,0.2,234.22
ORD-1053,2,28-11-2024,03-12-2024,First Class,Processing,Store Credit,9,0,4885.47
ORD-1054,1,23-09-2025,25-09-2025,First Class,Returned,Debit Card,4,0.05,1069.17
ORD-1055,2,07-07-2026,19-07-2026,Standard Class,Shipped,Credit Card,5,0.15,2760.63
ORD-1056,1,19-04-2026,21-04-2026,Same Day,Cancelled,PayPal,4,0.1,2181.28
ORD-1057,3,17-11-2025,27-11-2025,Standard Class,Cancelled,Store Credit,3,0.05,2248.62
ORD-1058,1,09-12-2025,13-12-2025,First Class,Delivered,PayPal,8,0.05,57.61
ORD-1059,1,13-02-2025,14-02-2025,Standard Class,Cancelled,Credit Card,7,0,737.24
ORD-1060,1,27-05-2025,28-05-2025,Second Class,Delivered,Store Credit,6,0,4858.02
ORD-1061,3,15-08-2024,21-08-2024,Standard Class,Processing,Debit Card,3,0.2,1960.85
ORD-1062,1,22-02-2026,24-02-2026,First Class,Shipped,Store Credit,1,0,963.67
ORD-1063,2,13-02-2026,14-02-2026,Standard Class,Delivered,Bank Transfer,3,0.15,1625.09
ORD-1064,3,07-08-2024,15-08-2024,Standard Class,Returned,PayPal,9,0,10262.7
ORD-1065,3,29-05-2026,06-06-2026,Standard Class,Cancelled,Bank Transfer,7,0.05,2625.35
ORD-1066,1,17-11-2025,27-11-2025,First Class,Returned,Store Credit,3,0,315.96
ORD-1067,2,14-10-2025,24-10-2025,Same Day,Delivered,Credit Card,9,0,2461.05
ORD-1068,2,07-08-2024,14-08-2024,First Class,Cancelled,Bank Transfer,8,0,3158.32
ORD-1069,2,01-02-2025,08-02-2025,First Class,Shipped,Bank Transfer,6,0.15,2801.02
ORD-1070,3,12-03-2026,14-03-2026,First Class,Shipped,Store Credit,7,0,7385.49
ORD-1071,2,12-03-2025,23-03-2025,Same Day,Delivered,PayPal,2,0.05,1552.34
ORD-1072,1,08-07-2026,18-07-2026,Same Day,Shipped,Credit Card,9,0,5453.19
ORD-1073,1,13-11-2025,15-11-2025,Same Day,Returned,Store Credit,5,0.1,2587.45
ORD-1074,1,06-06-2025,16-06-2025,First Class,Processing,PayPal,5,0,2803.3
ORD-1075,1,03-05-2025,13-05-2025,Standard Class,Delivered,Store Credit,7,0,1313.55
ORD-1076,2,12-04-2025,18-04-2025,First Class,Returned,Store Credit,3,0,489.87
ORD-1077,3,01-02-2025,04-02-2025,Standard Class,Processing,Bank Transfer,10,0,8704
ORD-1078,3,08-07-2025,15-07-2025,Standard Class,Processing,Bank Transfer,5,0,1241.5
ORD-1079,1,09-12-2025,18-12-2025,Same Day,Returned,Credit Card,5,0,1797.85
ORD-1080,2,26-03-2026,29-03-2026,Standard Class,Delivered,Bank Transfer,5,0,4048.35
ORD-1081,3,18-05-2025,27-05-2025,First Class,Delivered,Bank Transfer,4,0.1,939.64
ORD-1082,2,14-10-2024,16-10-2024,Same Day,Cancelled,PayPal,6,0.1,1340.82
ORD-1083,3,09-08-2025,12-08-2025,First Class,Delivered,Bank Transfer,10,0.05,9512.64
ORD-1084,2,28-11-2025,07-12-2025,First Class,Shipped,PayPal,2,0.05,576.69
ORD-1085,2,09-04-2026,18-04-2026,First Class,Shipped,Debit Card,9,0,5846.04
ORD-1086,3,01-05-2025,04-05-2025,Standard Class,Shipped,Bank Transfer,10,0,2735.1
ORD-1087,3,17-11-2025,28-11-2025,First Class,Processing,Debit Card,10,0.15,552.59
ORD-1088,2,20-10-2025,31-10-2025,Standard Class,Processing,Store Credit,5,0.2,2598.24
ORD-1089,2,07-03-2025,08-03-2025,Standard Class,Delivered,Store Credit,1,0,605.91
ORD-1090,3,19-10-2024,29-10-2024,Standard Class,Cancelled,Store Credit,9,0.2,3079.08
ORD-1091,2,16-09-2024,25-09-2024,Standard Class,Processing,Credit Card,3,0,697.62
ORD-1092,3,24-07-2026,28-07-2026,Second Class,Processing,PayPal,8,0.05,3000.4
ORD-1093,3,12-11-2025,23-11-2025,First Class,Delivered,PayPal,10,0,1632.9
ORD-1094,3,22-04-2026,27-04-2026,Second Class,Processing,Credit Card,5,0.15,4381.84
ORD-1095,3,07-02-2025,12-02-2025,Standard Class,Processing,Store Credit,7,0,5183.78
ORD-1096,3,02-01-2026,05-01-2026,Same Day,Returned,PayPal,9,0,3553.11
ORD-1097,2,15-05-2026,19-05-2026,Second Class,Shipped,Debit Card,6,0.2,3586.99
ORD-1098,3,07-03-2025,16-03-2025,Standard Class,Processing,Store Credit,9,0.2,4676.83
ORD-1099,3,18-11-2024,21-11-2024,Second Class,Cancelled,Credit Card,3,0.2,121.73
ORD-1100,3,11-02-2026,19-02-2026,Same Day,Shipped,Store Credit,10,0,7472.9
ORD-1101,3,20-05-2026,24-05-2026,Same Day,Cancelled,PayPal,6,0.15,3090.14
ORD-1102,3,12-03-2026,15-03-2026,Second Class,Processing,Credit Card,4,0.2,1368.48
ORD-1103,3,10-03-2026,19-03-2026,Standard Class,Processing,Credit Card,2,0.15,1703.98
ORD-1104,2,13-10-2025,20-10-2025,First Class,Delivered,Bank Transfer,2,0,15.16
ORD-1105,2,26-11-2025,30-11-2025,Second Class,Delivered,PayPal,7,0,7009.31
ORD-1106,2,11-12-2025,14-12-2025,Same Day,Shipped,Bank Transfer,3,0,1505.55
ORD-1107,1,10-01-2026,11-01-2026,Same Day,Delivered,PayPal,5,0,1546.95
ORD-1108,3,23-11-2025,27-11-2025,Same Day,Delivered,Credit Card,7,0.15,3605.16
ORD-1109,1,31-07-2026,11-08-2026,Second Class,Processing,Bank Transfer,9,0.1,410.83
ORD-1110,3,06-02-2025,16-02-2025,Standard Class,Returned,PayPal,7,0,2165.73
ORD-1111,3,02-06-2025,09-06-2025,Same Day,Processing,PayPal,8,0,9372.56
ORD-1112,3,11-05-2025,17-05-2025,Standard Class,Returned,PayPal,4,0.15,1625.06
ORD-1113,3,26-08-2024,06-09-2024,Same Day,Cancelled,Debit Card,3,0.2,331.92
ORD-1114,1,31-12-2025,01-01-2026,Second Class,Delivered,PayPal,5,0,3247.8
ORD-1115,3,23-09-2025,28-09-2025,Second Class,Processing,PayPal,1,0.2,342.12
ORD-1116,2,17-12-2024,22-12-2024,Same Day,Cancelled,Bank Transfer,2,0.2,941.49
ORD-1117,3,14-01-2026,26-01-2026,First Class,Delivered,Bank Transfer,8,0,5961.28
ORD-1118,1,10-01-2025,19-01-2025,Standard Class,Processing,PayPal,5,0,1241.5
ORD-1119,2,26-08-2025,29-08-2025,Standard Class,Processing,Store Credit,8,0,7968.56
ORD-1120,3,25-02-2026,27-02-2026,Second Class,Delivered,Debit Card,7,0,53.06
ORD-1121,1,25-05-2026,26-05-2026,First Class,Processing,Bank Transfer,3,0,1681.98
ORD-1122,2,05-12-2025,16-12-2025,Same Day,Delivered,Store Credit,8,0,1106.4
ORD-1123,1,06-08-2025,12-08-2025,Standard Class,Shipped,Bank Transfer,5,0,5857.85
ORD-1124,2,11-04-2026,16-04-2026,Second Class,Returned,PayPal,5,0.15,693.98
ORD-1125,1,07-04-2026,09-04-2026,Same Day,Shipped,Bank Transfer,3,0.2,619.03
ORD-1126,1,03-05-2026,14-05-2026,First Class,Processing,Debit Card,6,0.15,497.71
ORD-1127,1,11-12-2024,20-12-2024,Second Class,Shipped,Bank Transfer,4,0,2998.68
ORD-1128,3,11-10-2024,19-10-2024,Standard Class,Delivered,PayPal,9,0,6725.61
ORD-1129,2,02-11-2024,11-11-2024,Standard Class,Shipped,PayPal,7,0.2,1531.32
ORD-1130,1,06-02-2025,17-02-2025,Second Class,Shipped,Bank Transfer,9,0,5846.04
ORD-1131,2,14-03-2026,16-03-2026,Second Class,Shipped,PayPal,9,0,2321.37
ORD-1132,3,09-02-2026,11-02-2026,First Class,Shipped,PayPal,5,0,2389.8
ORD-1133,1,12-12-2024,22-12-2024,First Class,Returned,Credit Card,10,0,9636.7
ORD-1134,3,10-12-2025,21-12-2025,Same Day,Returned,Credit Card,4,0.2,3376.22
ORD-1135,1,03-04-2025,14-04-2025,Same Day,Processing,Bank Transfer,5,0.05,4134.4
ORD-1136,2,05-10-2024,13-10-2024,Second Class,Processing,Store Credit,7,0.05,2288.4
ORD-1137,1,17-04-2025,29-04-2025,First Class,Returned,Store Credit,6,0.05,495.22
ORD-1138,1,27-01-2026,29-01-2026,Second Class,Delivered,Credit Card,5,0.05,412.68
ORD-1139,2,13-03-2025,17-03-2025,First Class,Shipped,Debit Card,3,0.2,391.9
ORD-1140,1,28-02-2026,05-03-2026,Same Day,Returned,Bank Transfer,8,0,3421.2
ORD-1141,2,31-03-2025,01-04-2025,Same Day,Processing,Store Credit,1,0,809.67
ORD-1142,2,07-02-2025,10-02-2025,Same Day,Processing,Credit Card,5,0.15,2443.71
ORD-1143,1,03-03-2025,09-03-2025,Same Day,Returned,Bank Transfer,9,0,5505.12
ORD-1144,2,15-04-2026,18-04-2026,First Class,Returned,PayPal,2,0.05,14.4
ORD-1145,1,10-07-2025,19-07-2025,Second Class,Processing,Bank Transfer,1,0,232.54
ORD-1146,1,26-04-2026,02-05-2026,Same Day,Returned,PayPal,10,0,6642.6
ORD-1147,2,01-10-2025,13-10-2025,Standard Class,Processing,PayPal,10,0,7451.6
ORD-1148,2,22-06-2026,04-07-2026,First Class,Returned,Store Credit,1,0.1,289.57
ORD-1149,3,22-09-2024,25-09-2024,Same Day,Shipped,Debit Card,9,0.15,4201.53
ORD-1150,2,13-05-2026,17-05-2026,Same Day,Shipped,Bank Transfer,1,0.05,754.05
ORD-1151,1,01-08-2025,13-08-2025,Second Class,Returned,PayPal,1,0.15,688.22
ORD-1152,3,27-04-2026,03-05-2026,First Class,Returned,PayPal,3,0.05,2856.67
ORD-1153,1,07-05-2025,17-05-2025,First Class,Returned,PayPal,8,0,9122.4
ORD-1154,3,07-03-2025,19-03-2025,Same Day,Processing,Bank Transfer,4,0.15,2060.09
ORD-1155,3,09-09-2024,14-09-2024,Same Day,Cancelled,PayPal,2,0.1,1855.84
ORD-1156,2,17-04-2026,29-04-2026,First Class,Cancelled,Debit Card,2,0,719.14
ORD-1157,1,09-11-2024,18-11-2024,Second Class,Shipped,Credit Card,5,0,1406.8
ORD-1158,1,25-12-2024,05-01-2025,Same Day,Processing,Bank Transfer,4,0,421.28
ORD-1159,2,27-05-2025,28-05-2025,Same Day,Cancelled,Debit Card,9,0,5045.94
ORD-1160,3,21-09-2025,23-09-2025,Standard Class,Shipped,Bank Transfer,10,0,868.8
ORD-1161,2,25-05-2026,02-06-2026,Standard Class,Delivered,PayPal,3,0.15,1445.9
ORD-1162,3,01-07-2025,06-07-2025,Same Day,Shipped,Store Credit,8,0.15,344.9
ORD-1163,2,20-03-2025,26-03-2025,First Class,Shipped,Credit Card,3,0.15,19.33
ORD-1164,3,06-01-2026,09-01-2026,Same Day,Cancelled,Store Credit,10,0.2,4342.64
ORD-1165,2,21-02-2026,24-02-2026,Second Class,Delivered,PayPal,3,0.05,3006.95
ORD-1166,3,23-07-2025,29-07-2025,Standard Class,Processing,PayPal,5,0.1,1365.84
ORD-1167,2,05-11-2025,13-11-2025,First Class,Delivered,PayPal,5,0,1517.6
ORD-1168,2,08-12-2024,11-12-2024,First Class,Cancelled,Store Credit,8,0,2475.12
ORD-1169,1,07-11-2025,11-11-2025,Same Day,Returned,PayPal,10,0.2,520.08
ORD-1170,1,04-08-2024,05-08-2024,Second Class,Shipped,PayPal,9,0.1,2089.23
ORD-1171,1,16-02-2025,28-02-2025,Same Day,Delivered,Bank Transfer,10,0.05,9462.67
ORD-1172,2,08-02-2026,18-02-2026,First Class,Delivered,Bank Transfer,1,0.1,384.88
ORD-1173,2,02-12-2024,12-12-2024,First Class,Delivered,Store Credit,2,0,562.72
ORD-1174,1,10-02-2026,11-02-2026,Second Class,Cancelled,PayPal,5,0.05,2693.34
ORD-1175,3,24-07-2025,31-07-2025,Second Class,Processing,Credit Card,2,0.15,1693.32
ORD-1176,1,10-02-2026,22-02-2026,Standard Class,Processing,Bank Transfer,4,0.2,3083.74
ORD-1177,1,04-10-2024,13-10-2024,Second Class,Cancelled,PayPal,7,0.2,3075.63
ORD-1178,1,24-10-2025,25-10-2025,Second Class,Shipped,Credit Card,7,0.1,47.75
ORD-1179,3,07-11-2025,17-11-2025,Standard Class,Cancelled,Bank Transfer,1,0,50.72
ORD-1180,1,22-05-2025,25-05-2025,First Class,Returned,Store Credit,9,0,8673.03
ORD-1181,3,07-07-2026,12-07-2026,Second Class,Cancelled,PayPal,3,0.15,717.47
ORD-1182,2,08-05-2025,19-05-2025,Standard Class,Processing,Bank Transfer,7,0.1,3853.58
ORD-1183,2,28-08-2024,04-09-2024,Second Class,Returned,Bank Transfer,3,0,260.64
ORD-1184,2,24-12-2024,05-01-2025,Standard Class,Returned,Bank Transfer,3,0.2,1379.98
ORD-1185,1,30-04-2025,07-05-2025,First Class,Delivered,Bank Transfer,4,0,4124.08
ORD-1186,3,11-08-2024,12-08-2024,Standard Class,Delivered,Debit Card,5,0.05,5011.58
ORD-1187,2,24-03-2025,01-04-2025,First Class,Delivered,Debit Card,4,0.2,1757.5
ORD-1188,1,02-04-2026,06-04-2026,Same Day,Shipped,Store Credit,10,0.15,6706.41
ORD-1189,2,18-12-2024,26-12-2024,First Class,Processing,PayPal,9,0.15,8723.29
ORD-1190,2,08-12-2025,10-12-2025,Second Class,Processing,PayPal,8,0.2,5570.56
ORD-1191,2,02-11-2025,14-11-2025,Same Day,Processing,Debit Card,3,0,414.9
ORD-1192,3,29-01-2025,08-02-2025,First Class,Processing,Bank Transfer,4,0.05,2831.61
ORD-1193,1,20-12-2025,23-12-2025,Same Day,Shipped,Store Credit,6,0,4733.94
ORD-1194,1,09-04-2025,11-04-2025,Same Day,Shipped,Debit Card,1,0.2,489.34
ORD-1195,2,03-11-2024,07-11-2024,Standard Class,Returned,Store Credit,9,0.05,2338
ORD-1196,2,08-05-2025,09-05-2025,Standard Class,Delivered,Store Credit,9,0.1,5998.37
ORD-1197,1,05-10-2025,14-10-2025,Standard Class,Delivered,Store Credit,7,0.2,5396.55
ORD-1198,2,01-12-2024,07-12-2024,Standard Class,Processing,Bank Transfer,5,0.2,1214.08
ORD-1199,3,26-03-2026,31-03-2026,Standard Class,Delivered,Bank Transfer,2,0.15,1349.36
ORD-1200,1,06-03-2025,07-03-2025,Standard Class,Cancelled,Bank Transfer,1,0.15,138.8
ORD-1201,1,01-03-2025,10-03-2025,Same Day,Processing,Credit Card,1,0,542.83
ORD-1202,1,15-01-2026,18-01-2026,Second Class,Cancelled,Credit Card,6,0,3363.96
ORD-1203,3,10-10-2025,20-10-2025,First Class,Cancelled,Debit Card,7,0.15,1657.61
ORD-1204,1,04-04-2025,05-04-2025,Standard Class,Processing,Store Credit,2,0.05,1043.52
ORD-1205,2,12-05-2026,13-05-2026,Same Day,Shipped,PayPal,5,0.2,202.88
ORD-1206,2,29-07-2026,09-08-2026,Standard Class,Returned,PayPal,10,0.15,1387.96
ORD-1207,3,08-04-2025,13-04-2025,Second Class,Cancelled,PayPal,3,0.05,779.33
ORD-1208,2,21-05-2026,26-05-2026,Standard Class,Shipped,Credit Card,8,0,858.88
ORD-1209,2,20-04-2025,22-04-2025,Standard Class,Returned,Store Credit,1,0,248.3
ORD-1210,1,16-12-2024,21-12-2024,Second Class,Returned,Store Credit,7,0.05,3913.06
ORD-1211,2,25-06-2026,28-06-2026,Same Day,Shipped,Credit Card,5,0,2803.3
ORD-1212,1,03-06-2026,08-06-2026,First Class,Processing,Debit Card,8,0.2,1589.12
ORD-1213,2,22-05-2025,30-05-2025,Standard Class,Cancelled,PayPal,2,0,2158.56
ORD-1214,3,14-01-2025,22-01-2025,Second Class,Processing,PayPal,6,0.05,930.75
ORD-1215,2,14-01-2026,20-01-2026,First Class,Cancelled,Store Credit,3,0.05,980.74
ORD-1216,3,04-11-2024,11-11-2024,Second Class,Returned,Store Credit,6,0,521.28
ORD-1217,1,19-01-2026,31-01-2026,Same Day,Processing,Credit Card,8,0.15,3812.49
ORD-1218,2,06-10-2025,17-10-2025,Second Class,Cancelled,Bank Transfer,5,0,2803.3
ORD-1219,3,02-12-2024,12-12-2024,Same Day,Returned,Credit Card,7,0.1,6275.24
ORD-1220,3,25-04-2025,27-04-2025,First Class,Shipped,Store Credit,4,0.15,1170.01
ORD-1221,1,19-11-2025,25-11-2025,Standard Class,Processing,Debit Card,7,0,5556.18
ORD-1222,2,28-08-2024,05-09-2024,Second Class,Processing,Credit Card,6,0.05,4497.24
ORD-1223,3,03-05-2026,05-05-2026,Second Class,Processing,PayPal,2,0.2,171.78
ORD-1224,2,03-02-2025,12-02-2025,Standard Class,Cancelled,Bank Transfer,8,0,5314.08
ORD-1225,2,26-08-2025,07-09-2025,Standard Class,Shipped,Debit Card,2,0,1299.12
ORD-1226,2,05-09-2024,11-09-2024,Second Class,Cancelled,Debit Card,9,0.05,2231.64
ORD-1227,3,29-07-2026,05-08-2026,Second Class,Cancelled,Store Credit,1,0.15,637.22
ORD-1228,3,27-11-2025,01-12-2025,Standard Class,Returned,Credit Card,5,0.2,653.16
ORD-1229,2,21-11-2025,25-11-2025,Same Day,Returned,PayPal,8,0,2088.08
ORD-1230,2,15-08-2024,25-08-2024,Same Day,Returned,Debit Card,2,0,326.58
ORD-1231,3,18-12-2025,28-12-2025,Second Class,Processing,Credit Card,10,0,2734.5
ORD-1232,2,01-06-2025,07-06-2025,Same Day,Returned,Debit Card,3,0.1,1635.96
ORD-1233,3,05-05-2025,13-05-2025,Second Class,Returned,Debit Card,9,0.15,1249.17
ORD-1234,1,05-09-2025,11-09-2025,First Class,Delivered,Bank Transfer,8,0.1,2588.9
ORD-1235,2,13-07-2025,22-07-2025,Same Day,Cancelled,Bank Transfer,9,0.15,1778.93
ORD-1236,1,20-11-2024,30-11-2024,First Class,Delivered,PayPal,1,0.2,863.42
ORD-1237,2,22-12-2025,30-12-2025,Standard Class,Returned,Credit Card,10,0.15,8191.19
ORD-1238,3,04-11-2025,13-11-2025,Same Day,Returned,Debit Card,1,0.2,912.24
ORD-1239,2,09-03-2025,14-03-2025,First Class,Delivered,Bank Transfer,1,0.05,101.99
ORD-1240,2,27-11-2025,01-12-2025,Same Day,Shipped,Store Credit,10,0.15,9692.55
ORD-1241,3,28-11-2025,29-11-2025,First Class,Returned,Store Credit,10,0,5428.3
ORD-1242,3,14-02-2025,19-02-2025,Standard Class,Shipped,Bank Transfer,10,0,868.8
ORD-1243,1,17-10-2025,29-10-2025,First Class,Shipped,Bank Transfer,3,0,22.74
ORD-1244,2,09-11-2024,20-11-2024,Standard Class,Delivered,Bank Transfer,7,0.05,1818.84
ORD-1245,3,31-03-2026,08-04-2026,Standard Class,Delivered,Bank Transfer,8,0,6311.92
ORD-1246,1,16-10-2024,18-10-2024,Same Day,Shipped,Bank Transfer,9,0.05,6331.62
ORD-1247,1,08-01-2026,14-01-2026,Same Day,Processing,Credit Card,9,0.1,703.73
ORD-1248,1,26-10-2024,27-10-2024,Same Day,Cancelled,Credit Card,2,0.2,171.78
ORD-1249,2,23-10-2024,03-11-2024,Standard Class,Processing,PayPal,5,0,1162.7
ORD-1250,2,17-10-2024,18-10-2024,Second Class,Cancelled,Credit Card,7,0.15,4446.38
ORD-1251,1,24-12-2024,26-12-2024,Same Day,Delivered,Credit Card,3,0.1,506.66
ORD-1252,1,25-12-2024,01-01-2025,Second Class,Cancelled,Credit Card,3,0.05,2123.71
ORD-1253,1,09-02-2025,14-02-2025,Second Class,Delivered,Store Credit,3,0.05,305.98
ORD-1254,1,18-08-2025,26-08-2025,Second Class,Cancelled,Store Credit,6,0.15,957.02
ORD-1255,1,26-12-2024,28-12-2024,Same Day,Processing,Bank Transfer,2,0,1992.14
ORD-1256,3,28-12-2025,02-01-2026,First Class,Delivered,PayPal,2,0,1085.66
ORD-1257,3,04-03-2025,16-03-2025,Standard Class,Shipped,Bank Transfer,7,0,8200.99
ORD-1258,3,29-08-2024,09-09-2024,Standard Class,Processing,PayPal,10,0,3217.4
ORD-1259,1,29-07-2025,04-08-2025,Same Day,Delivered,Credit Card,9,0.15,1249.17
ORD-1260,2,30-12-2024,03-01-2025,First Class,Returned,Bank Transfer,1,0,649.56
ORD-1261,3,14-06-2026,25-06-2026,Second Class,Processing,Credit Card,9,0.1,2787.37
ORD-1262,2,30-03-2025,02-04-2025,Standard Class,Processing,Bank Transfer,9,0,9495.63
ORD-1263,3,03-08-2024,10-08-2024,Standard Class,Processing,Debit Card,2,0.05,1162.19
ORD-1264,2,04-12-2025,16-12-2025,First Class,Returned,Store Credit,1,0,187.65
ORD-1265,1,25-05-2026,06-06-2026,Standard Class,Processing,Bank Transfer,5,0.15,1184.01
ORD-1266,1,03-04-2026,15-04-2026,Same Day,Cancelled,Store Credit,10,0.15,9958.34
ORD-1267,1,03-12-2025,09-12-2025,Standard Class,Shipped,Store Credit,3,0,1835.04
ORD-1268,2,18-11-2024,22-11-2024,Same Day,Shipped,Debit Card,1,0.05,131.38
ORD-1269,2,05-10-2024,09-10-2024,First Class,Processing,Credit Card,6,0,6186.12
ORD-1270,3,10-08-2025,13-08-2025,Standard Class,Cancelled,Credit Card,4,0.2,2391.33
ORD-1271,2,11-01-2026,17-01-2026,Standard Class,Processing,Debit Card,2,0.1,1059.17
ORD-1272,2,14-10-2024,26-10-2024,First Class,Returned,Bank Transfer,10,0,7937.4
ORD-1273,1,04-02-2025,07-02-2025,Second Class,Returned,PayPal,1,0.05,521.76
ORD-1274,3,16-01-2025,22-01-2025,Same Day,Processing,Credit Card,1,0.2,401.48
ORD-1275,3,24-07-2026,01-08-2026,First Class,Delivered,Credit Card,1,0,1171.57
ORD-1276,3,05-03-2025,17-03-2025,Standard Class,Returned,Credit Card,6,0.05,600.32
ORD-1277,1,06-07-2025,08-07-2025,Same Day,Shipped,Debit Card,10,0.1,4336.2
ORD-1278,2,12-10-2024,19-10-2024,First Class,Shipped,Credit Card,6,0,1222.44
ORD-1279,2,06-12-2024,09-12-2024,Same Day,Processing,Bank Transfer,2,0,963.6
ORD-1280,2,29-08-2024,06-09-2024,Standard Class,Delivered,Debit Card,5,0.05,4577.43
ORD-1281,1,01-03-2025,05-03-2025,Second Class,Processing,Bank Transfer,6,0,3635.46
ORD-1282,2,09-03-2026,14-03-2026,Same Day,Returned,Store Credit,3,0,1835.04
ORD-1283,1,17-03-2025,20-03-2025,Second Class,Shipped,Debit Card,2,0,214.72
ORD-1284,1,22-01-2026,01-02-2026,Standard Class,Delivered,Debit Card,10,0,7472.9
ORD-1285,1,09-10-2024,11-10-2024,Same Day,Delivered,Debit Card,6,0,5976.42
ORD-1286,3,06-02-2026,14-02-2026,Same Day,Shipped,PayPal,1,0.05,235.88
ORD-1287,1,03-09-2024,08-09-2024,Second Class,Processing,Bank Transfer,8,0,2063.44
ORD-1288,2,15-04-2026,16-04-2026,Second Class,Cancelled,Debit Card,2,0,1740.8
ORD-1289,1,28-11-2025,09-12-2025,Same Day,Processing,Bank Transfer,9,0.2,6266.88
ORD-1290,2,03-12-2024,13-12-2024,First Class,Shipped,Credit Card,9,0,4885.47
ORD-1291,2,19-04-2025,24-04-2025,First Class,Returned,Debit Card,1,0.2,40.58
ORD-1292,3,16-06-2025,21-06-2025,Standard Class,Shipped,Store Credit,9,0.2,772.99
ORD-1293,2,29-10-2025,01-11-2025,First Class,Returned,Credit Card,4,0.1,1720.66
ORD-1294,2,05-05-2026,15-05-2026,First Class,Shipped,Bank Transfer,4,0.2,1529.47
ORD-1295,3,07-10-2024,17-10-2024,Same Day,Delivered,PayPal,4,0,4220.28
ORD-1296,2,19-03-2026,25-03-2026,Standard Class,Delivered,Debit Card,3,0.2,558.1
ORD-1297,2,12-12-2024,21-12-2024,Same Day,Returned,Credit Card,6,0,1640.7
ORD-1298,3,20-05-2025,23-05-2025,Same Day,Processing,Debit Card,7,0.2,3393.1
ORD-1299,1,05-07-2026,09-07-2026,Same Day,Processing,PayPal,10,0.2,2752.96
ORD-1300,3,15-02-2025,27-02-2025,Standard Class,Shipped,Store Credit,10,0.05,2479.59
ORD-1301,2,09-05-2025,20-05-2025,Second Class,Processing,Credit Card,10,0,2579.3
ORD-1302,3,14-04-2026,25-04-2026,First Class,Cancelled,Credit Card,2,0.2,764.74
ORD-1303,1,08-03-2026,14-03-2026,Standard Class,Delivered,Bank Transfer,5,0.2,3238.68
ORD-1304,2,18-11-2025,25-11-2025,Same Day,Delivered,Bank Transfer,8,0.05,4174.07
ORD-1305,1,06-03-2026,09-03-2026,First Class,Delivered,PayPal,8,0,3158.32
ORD-1306,3,22-10-2024,25-10-2024,Standard Class,Returned,Credit Card,7,0,751.52
ORD-1307,3,22-12-2025,03-01-2026,Second Class,Returned,Bank Transfer,1,0.05,48.18
ORD-1308,3,12-09-2024,16-09-2024,First Class,Processing,PayPal,4,0.05,2324.38
ORD-1309,2,20-06-2026,30-06-2026,Second Class,Delivered,PayPal,9,0.2,772.99
ORD-1310,1,25-11-2024,06-12-2024,Standard Class,Delivered,Debit Card,10,0.05,2358.85
ORD-1311,2,01-06-2025,09-06-2025,Same Day,Cancelled,PayPal,2,0,1499.34
ORD-1312,2,06-10-2025,09-10-2025,Second Class,Cancelled,Credit Card,6,0.05,2250.3
ORD-1313,1,10-03-2026,14-03-2026,Second Class,Delivered,Credit Card,5,0.1,4482.32
ORD-1314,1,09-12-2025,19-12-2025,Same Day,Returned,Bank Transfer,4,0.1,1720.66
ORD-1315,2,11-12-2024,21-12-2024,Standard Class,Cancelled,Credit Card,4,0.05,2130.51
ORD-1316,1,05-05-2025,07-05-2025,Second Class,Shipped,Debit Card,8,0,6349.92
ORD-1317,3,20-04-2025,24-04-2025,First Class,Processing,Credit Card,3,0.2,595.92
ORD-1318,2,22-08-2024,31-08-2024,Same Day,Delivered,Store Credit,6,0.2,783.79
ORD-1319,1,14-12-2025,16-12-2025,Standard Class,Delivered,Store Credit,7,0,8200.99
ORD-1320,3,05-04-2026,12-04-2026,Same Day,Returned,Store Credit,5,0.05,2578.44
ORD-1321,3,13-07-2026,20-07-2026,Same Day,Delivered,Bank Transfer,3,0.1,373.41
ORD-1322,2,04-11-2024,16-11-2024,Standard Class,Processing,PayPal,8,0,2752.96
ORD-1323,1,04-06-2026,16-06-2026,Second Class,Processing,Bank Transfer,2,0.2,12.13
ORD-1324,2,22-10-2024,01-11-2024,Second Class,Cancelled,Bank Transfer,2,0,15.16
ORD-1325,2,28-05-2025,06-06-2025,Same Day,Shipped,Store Credit,3,0,1765.29
ORD-1326,1,03-09-2024,07-09-2024,Same Day,Delivered,PayPal,1,0,637.29
ORD-1327,1,08-02-2025,17-02-2025,Standard Class,Shipped,PayPal,7,0.15,45.1
ORD-1328,2,18-03-2025,26-03-2025,First Class,Shipped,PayPal,10,0.1,456.48
ORD-1329,3,29-12-2025,05-01-2026,Second Class,Shipped,Debit Card,1,0,1055.07
ORD-1330,3,09-12-2025,18-12-2025,Standard Class,Cancelled,Debit Card,1,0.2,647.74
ORD-1331,2,13-02-2026,17-02-2026,First Class,Cancelled,Bank Transfer,5,0.1,1174.55
ORD-1332,3,26-09-2025,04-10-2025,Same Day,Returned,Credit Card,5,0.15,2823.11
ORD-1333,2,18-09-2025,27-09-2025,First Class,Delivered,Bank Transfer,10,0.1,3848.85
ORD-1334,3,16-07-2026,21-07-2026,First Class,Shipped,Debit Card,5,0.15,3166.93
ORD-1335,2,03-12-2025,13-12-2025,Second Class,Delivered,Bank Transfer,7,0.15,386.81
ORD-1336,3,05-04-2025,12-04-2025,Second Class,Processing,Debit Card,1,0.1,183.37
ORD-1337,2,18-08-2025,29-08-2025,Second Class,Returned,Debit Card,6,0.1,5203.82
ORD-1338,3,26-12-2025,07-01-2026,Second Class,Processing,Credit Card,5,0.15,456.28
ORD-1339,2,09-10-2024,16-10-2024,First Class,Cancelled,Credit Card,6,0,2867.76
ORD-1340,1,27-11-2025,05-12-2025,Same Day,Returned,PayPal,4,0.1,2202.05
ORD-1341,2,29-01-2025,01-02-2025,Same Day,Shipped,PayPal,4,0,2446.72
ORD-1342,3,10-04-2025,16-04-2025,Standard Class,Delivered,Bank Transfer,3,0,3420.9
ORD-1343,1,08-12-2025,18-12-2025,Second Class,Returned,Bank Transfer,3,0.05,2307.56
ORD-1344,1,09-05-2025,17-05-2025,Second Class,Processing,Credit Card,7,0,1738.1
ORD-1345,3,06-04-2026,07-04-2026,Second Class,Shipped,PayPal,1,0.15,55.26
ORD-1346,1,13-09-2025,22-09-2025,Standard Class,Delivered,PayPal,10,0,4818
ORD-1347,2,24-07-2026,31-07-2026,First Class,Shipped,Debit Card,3,0,1992.78
ORD-1348,3,09-09-2024,21-09-2024,Standard Class,Returned,Store Credit,3,0,1911.87
ORD-1349,3,14-11-2025,21-11-2025,Standard Class,Returned,Credit Card,5,0.2,1286.96
ORD-1350,2,23-11-2024,24-11-2024,Same Day,Delivered,Store Credit,2,0.05,203.98
ORD-1351,2,13-04-2026,17-04-2026,Standard Class,Returned,PayPal,1,0,1002.34
ORD-1352,3,15-04-2026,22-04-2026,Standard Class,Processing,Credit Card,2,0.1,91.3
ORD-1353,2,28-04-2026,03-05-2026,Same Day,Processing,Debit Card,9,0,9713.52
ORD-1354,1,24-09-2024,06-10-2024,Standard Class,Delivered,Credit Card,8,0,8248.16
ORD-1355,3,26-07-2025,29-07-2025,Standard Class,Delivered,PayPal,2,0.2,802.96
ORD-1356,1,24-01-2025,29-01-2025,Second Class,Delivered,PayPal,8,0,2417.12
ORD-1357,1,11-07-2026,18-07-2026,Standard Class,Shipped,Debit Card,2,0,195.18
ORD-1358,2,06-09-2024,18-09-2024,Second Class,Delivered,Bank Transfer,2,0,955.92
ORD-1359,2,10-01-2025,22-01-2025,Second Class,Delivered,Debit Card,8,0.2,4251.26
ORD-1360,2,14-11-2025,16-11-2025,Same Day,Shipped,Store Credit,7,0.1,3460.09
ORD-1361,2,22-05-2025,02-06-2025,Standard Class,Cancelled,Bank Transfer,3,0.05,3249.85
ORD-1362,3,19-01-2025,20-01-2025,Second Class,Processing,Store Credit,9,0.2,4676.83
ORD-1363,2,02-07-2025,09-07-2025,Same Day,Shipped,Store Credit,4,0.05,1307.66
ORD-1364,2,09-03-2026,18-03-2026,Second Class,Delivered,Bank Transfer,8,0.2,3914.75
ORD-1365,3,24-06-2025,25-06-2025,Same Day,Cancelled,Debit Card,9,0,2731.68
ORD-1366,2,19-04-2026,21-04-2026,Standard Class,Cancelled,Credit Card,8,0.05,5048.38
ORD-1367,1,23-06-2025,02-07-2025,First Class,Returned,Store Credit,9,0,9011.97
ORD-1368,1,26-10-2024,01-11-2024,Second Class,Cancelled,PayPal,6,0.2,1894.99
ORD-1369,2,30-07-2025,11-08-2025,Standard Class,Delivered,Debit Card,6,0.15,5815.53
ORD-1370,3,21-11-2025,30-11-2025,Standard Class,Delivered,Debit Card,9,0,6706.44
ORD-1371,1,15-10-2024,17-10-2024,Second Class,Delivered,Bank Transfer,5,0.1,2168.1
ORD-1372,2,29-05-2025,10-06-2025,Standard Class,Returned,Credit Card,6,0,3985.56
ORD-1373,3,12-09-2025,20-09-2025,Standard Class,Returned,Bank Transfer,1,0.1,597.83
ORD-1374,3,01-08-2024,13-08-2024,Second Class,Delivered,Bank Transfer,10,0,10023.4
ORD-1375,3,06-10-2024,15-10-2024,Second Class,Processing,Bank Transfer,7,0.05,337.29
ORD-1376,3,16-10-2025,19-10-2025,First Class,Returned,PayPal,7,0.1,2265.29
ORD-1377,2,27-10-2025,31-10-2025,First Class,Shipped,Debit Card,10,0.15,6372.19
ORD-1378,2,11-03-2025,23-03-2025,Same Day,Returned,Store Credit,2,0.2,1541.87
ORD-1379,1,07-08-2025,14-08-2025,Standard Class,Cancelled,Debit Card,1,0.1,246.1
ORD-1380,3,30-12-2024,04-01-2025,First Class,Shipped,Credit Card,3,0,2221.62
ORD-1381,2,04-12-2025,13-12-2025,Standard Class,Returned,Store Credit,1,0,542.83
ORD-1382,3,26-06-2026,30-06-2026,First Class,Delivered,Bank Transfer,9,0.2,5680.73
ORD-1383,3,23-04-2025,02-05-2025,First Class,Shipped,Store Credit,1,0,321.04
ORD-1384,3,09-09-2024,19-09-2024,Second Class,Shipped,PayPal,9,0.15,3839.15
ORD-1385,3,10-01-2025,13-01-2025,Standard Class,Cancelled,Credit Card,3,0.15,665.58
ORD-1386,2,29-06-2025,02-07-2025,Standard Class,Processing,Bank Transfer,3,0.1,20.47
ORD-1387,3,14-09-2025,24-09-2025,First Class,Cancelled,Store Credit,1,0.2,110.64
ORD-1388,3,28-10-2025,06-11-2025,Standard Class,Returned,Debit Card,4,0,1911.84
ORD-1389,1,12-07-2025,14-07-2025,First Class,Processing,PayPal,6,0,5782.02
ORD-1390,3,24-11-2025,03-12-2025,First Class,Cancelled,Debit Card,1,0,809.67
ORD-1391,1,06-01-2026,07-01-2026,Same Day,Processing,Store Credit,6,0.05,1763.52
ORD-1392,2,23-10-2024,01-11-2024,Standard Class,Processing,Debit Card,9,0.05,5448.83
ORD-1393,1,07-02-2026,10-02-2026,Standard Class,Shipped,Debit Card,9,0.1,3463.97
ORD-1394,3,10-01-2025,14-01-2025,Same Day,Delivered,Debit Card,9,0.2,1787.76
ORD-1395,1,07-04-2025,08-04-2025,Second Class,Processing,Store Credit,2,0,1328.52
ORD-1396,2,30-03-2026,04-04-2026,Same Day,Cancelled,PayPal,7,0.05,5278.37
ORD-1397,3,07-07-2026,16-07-2026,Standard Class,Returned,Credit Card,1,0.15,138.8
ORD-1398,3,02-03-2025,11-03-2025,First Class,Returned,Credit Card,2,0,1149.98
ORD-1399,1,17-08-2025,24-08-2025,Second Class,Shipped,Bank Transfer,1,0.05,61.76
ORD-1400,3,27-12-2025,01-01-2026,Second Class,Delivered,Credit Card,6,0,2157.42
ORD-1401,2,03-09-2024,12-09-2024,Second Class,Processing,Debit Card,9,0,7143.66
ORD-1402,3,28-11-2024,01-12-2024,First Class,Shipped,Credit Card,3,0,315.96
ORD-1403,3,11-11-2024,20-11-2024,Standard Class,Processing,Credit Card,8,0.15,5035.67
ORD-1404,3,07-01-2026,13-01-2026,Second Class,Delivered,PayPal,6,0,644.16
ORD-1405,3,10-01-2026,18-01-2026,First Class,Returned,Debit Card,8,0,5196.48
ORD-1406,2,18-10-2024,25-10-2024,Second Class,Shipped,Bank Transfer,3,0,2381.22
ORD-1407,2,21-10-2025,01-11-2025,Same Day,Processing,PayPal,6,0.05,2860.55
ORD-1408,2,16-12-2024,27-12-2024,Second Class,Returned,Debit Card,10,0,10310.2
ORD-1409,3,11-06-2026,23-06-2026,Standard Class,Returned,Store Credit,2,0,1098.44
ORD-1410,3,15-05-2025,16-05-2025,Same Day,Shipped,PayPal,9,0,10262.7
ORD-1411,3,01-07-2025,04-07-2025,Standard Class,Cancelled,PayPal,8,0.1,2175.41
ORD-1412,3,23-02-2026,05-03-2026,Second Class,Cancelled,Debit Card,3,0.2,450.36
ORD-1413,1,06-01-2026,18-01-2026,Second Class,Cancelled,Debit Card,8,0,6349.92
ORD-1414,2,18-10-2024,19-10-2024,Same Day,Cancelled,Bank Transfer,4,0.1,733.46
ORD-1415,2,30-05-2025,01-06-2025,First Class,Returned,Store Credit,9,0.15,1058
ORD-1416,1,09-06-2026,15-06-2026,First Class,Cancelled,Debit Card,10,0.15,2218.59
ORD-1417,1,05-04-2026,13-04-2026,Second Class,Cancelled,Debit Card,8,0.1,7209.58
ORD-1418,1,05-10-2025,09-10-2025,First Class,Returned,Credit Card,3,0,1948.68
ORD-1419,3,16-02-2026,28-02-2026,Same Day,Cancelled,Debit Card,2,0.05,574.07
ORD-1420,1,26-06-2025,27-06-2025,Second Class,Shipped,Store Credit,4,0,1114.36
ORD-1421,1,25-11-2025,26-11-2025,Same Day,Returned,Store Credit,3,0,315.96
ORD-1422,3,30-06-2026,02-07-2026,Same Day,Cancelled,Debit Card,4,0.05,2421.7
ORD-1423,3,07-11-2024,17-11-2024,First Class,Shipped,PayPal,3,0.1,1355
ORD-1424,1,31-07-2025,04-08-2025,Standard Class,Delivered,Debit Card,7,0.05,337.29
ORD-1425,1,23-08-2025,26-08-2025,Same Day,Returned,Store Credit,10,0,5884.3
ORD-1426,1,05-09-2024,07-09-2024,Standard Class,Cancelled,Store Credit,8,0.15,5918.72
ORD-1427,1,15-06-2026,27-06-2026,Same Day,Cancelled,PayPal,9,0.05,6389.33
ORD-1428,2,06-04-2026,13-04-2026,Second Class,Delivered,PayPal,3,0,292.77
ORD-1429,3,20-07-2025,25-07-2025,Standard Class,Returned,Store Credit,4,0,3481.6
ORD-1430,2,07-08-2025,18-08-2025,Same Day,Processing,Credit Card,4,0.15,3983.34
ORD-1431,3,05-06-2026,10-06-2026,First Class,Returned,PayPal,9,0.05,2122.97
ORD-1432,3,08-12-2024,15-12-2024,Same Day,Shipped,PayPal,9,0.2,7209.58
ORD-1433,3,27-09-2025,02-10-2025,Same Day,Shipped,Credit Card,10,0,10310.2
ORD-1434,2,16-01-2026,18-01-2026,First Class,Returned,Store Credit,4,0.1,3585.85
ORD-1435,1,02-11-2024,05-11-2024,Standard Class,Shipped,Bank Transfer,7,0.15,3335.93
ORD-1436,1,11-05-2025,16-05-2025,Standard Class,Cancelled,Bank Transfer,4,0,993.2
ORD-1437,1,13-10-2025,25-10-2025,Same Day,Cancelled,Credit Card,10,0,3947.9
ORD-1438,3,08-05-2026,12-05-2026,Second Class,Returned,Debit Card,1,0.2,459.99
ORD-1439,1,04-08-2025,15-08-2025,First Class,Cancelled,PayPal,1,0,138.3
ORD-1440,3,09-05-2025,18-05-2025,Standard Class,Delivered,Store Credit,1,0.15,851.13
ORD-1441,3,18-07-2026,24-07-2026,Second Class,Cancelled,Bank Transfer,5,0,2746.1
ORD-1442,3,01-06-2026,08-06-2026,Standard Class,Returned,PayPal,9,0,1688.85
ORD-1443,3,09-02-2026,18-02-2026,Same Day,Cancelled,Store Credit,10,0,3217.4
ORD-1444,1,16-02-2025,24-02-2025,Same Day,Delivered,PayPal,8,0.1,8210.16
ORD-1445,2,06-07-2026,17-07-2026,Same Day,Processing,Store Credit,4,0.2,522.53
ORD-1446,2,11-07-2026,15-07-2026,First Class,Delivered,Store Credit,5,0,938.25
ORD-1447,1,28-06-2025,02-07-2025,Second Class,Cancelled,Debit Card,10,0,10023.4
ORD-1448,1,06-11-2024,10-11-2024,First Class,Shipped,Credit Card,4,0,3155.96
ORD-1449,3,29-05-2025,08-06-2025,Standard Class,Cancelled,PayPal,1,0.2,206.34
ORD-1450,3,25-12-2025,02-01-2026,First Class,Cancelled,Debit Card,3,0.2,208.51
ORD-1451,3,30-01-2026,07-02-2026,First Class,Cancelled,Debit Card,9,0,4336.2
ORD-1452,3,07-03-2025,13-03-2025,Second Class,Cancelled,Store Credit,1,0,321.74
ORD-1453,1,26-12-2025,29-12-2025,First Class,Cancelled,Store Credit,9,0,781.92
ORD-1454,3,22-04-2026,29-04-2026,First Class,Processing,Bank Transfer,4,0.05,2839.7
ORD-1455,1,03-01-2026,13-01-2026,First Class,Shipped,Store Credit,4,0.2,3187.42
ORD-1456,1,15-06-2026,18-06-2026,Second Class,Cancelled,Bank Transfer,3,0.05,1638.72
ORD-1457,3,06-11-2025,14-11-2025,Standard Class,Cancelled,Credit Card,5,0,526.6
ORD-1458,3,25-12-2024,30-12-2024,Standard Class,Cancelled,PayPal,8,0.2,1782.98
ORD-1459,1,31-10-2025,06-11-2025,First Class,Returned,Debit Card,1,0.05,709.93
ORD-1460,3,01-03-2025,06-03-2025,Same Day,Cancelled,Credit Card,6,0,4762.44
ORD-1461,1,10-04-2025,21-04-2025,First Class,Cancelled,Store Credit,3,0.2,742.54
ORD-1462,1,05-12-2025,07-12-2025,First Class,Processing,PayPal,3,0,3003.99
ORD-1463,2,19-07-2026,24-07-2026,Same Day,Cancelled,Debit Card,8,0.2,324.61
ORD-1464,2,19-11-2025,01-12-2025,Standard Class,Shipped,Debit Card,4,0.15,1954.97
ORD-1465,1,02-07-2026,10-07-2026,Same Day,Returned,Credit Card,9,0,966.24
ORD-1466,1,04-08-2025,06-08-2025,Second Class,Processing,Bank Transfer,7,0,1426.18
ORD-1467,2,21-12-2025,22-12-2025,First Class,Cancelled,Bank Transfer,1,0.15,409.53
ORD-1468,3,24-03-2025,27-03-2025,Same Day,Returned,Bank Transfer,9,0,5103.18
ORD-1469,1,24-10-2024,30-10-2024,Standard Class,Cancelled,PayPal,8,0.1,5397.62
ORD-1470,3,15-04-2025,20-04-2025,Second Class,Processing,PayPal,1,0,321.04
ORD-1471,2,18-07-2025,26-07-2025,First Class,Returned,Debit Card,5,0,4818.35
ORD-1472,2,22-09-2025,29-09-2025,Second Class,Shipped,Bank Transfer,9,0.05,8815.22
ORD-1473,3,01-12-2025,08-12-2025,First Class,Processing,Store Credit,4,0.1,1087.7
ORD-1474,1,02-06-2025,05-06-2025,Same Day,Returned,Bank Transfer,3,0,963.12
ORD-1475,1,29-01-2026,02-02-2026,Standard Class,Returned,Credit Card,6,0,2064.72
ORD-1476,1,08-04-2026,11-04-2026,Second Class,Delivered,Debit Card,8,0.15,730.05
ORD-1477,2,26-02-2025,05-03-2025,First Class,Cancelled,Credit Card,5,0.2,4317.12
ORD-1478,2,12-04-2026,13-04-2026,Standard Class,Returned,Bank Transfer,5,0.2,4220.28
ORD-1479,3,14-03-2026,21-03-2026,Second Class,Cancelled,Bank Transfer,1,0,232.54
ORD-1480,3,18-08-2025,26-08-2025,Second Class,Cancelled,Bank Transfer,2,0.1,1420.18
ORD-1481,3,19-08-2024,30-08-2024,Standard Class,Processing,Bank Transfer,1,0.15,515.02
ORD-1482,1,15-11-2024,16-11-2024,Same Day,Processing,Credit Card,4,0,2423.64
ORD-1483,1,03-12-2025,10-12-2025,Same Day,Returned,Debit Card,4,0,2171.32
ORD-1484,3,25-12-2024,28-12-2024,First Class,Delivered,Credit Card,8,0,9122.4
ORD-1485,2,31-01-2026,03-02-2026,First Class,Cancelled,Debit Card,8,0,3158.32
ORD-1486,1,26-11-2024,08-12-2024,Same Day,Cancelled,Store Credit,3,0,1032.36
ORD-1487,3,26-02-2025,02-03-2025,First Class,Processing,Bank Transfer,10,0,9636.7
ORD-1488,2,31-01-2025,02-02-2025,First Class,Processing,Store Credit,9,0,5295.87
ORD-1489,3,06-04-2026,18-04-2026,First Class,Returned,Debit Card,3,0,1992.78
ORD-1490,2,18-12-2025,22-12-2025,Second Class,Returned,PayPal,9,0.15,4201.53
ORD-1491,3,04-03-2025,06-03-2025,Standard Class,Delivered,Debit Card,2,0.1,577.87
ORD-1492,1,02-02-2026,04-02-2026,Standard Class,Returned,Bank Transfer,8,0,4707.44
ORD-1493,3,24-08-2024,25-08-2024,Standard Class,Delivered,Debit Card,6,0,6475.68
ORD-1494,3,19-03-2026,27-03-2026,Same Day,Processing,Credit Card,1,0,1079.28
ORD-1495,2,14-10-2024,26-10-2024,Standard Class,Shipped,Store Credit,2,0.2,12.13
ORD-1496,1,27-04-2026,06-05-2026,Second Class,Returned,Debit Card,7,0,751.52
ORD-1497,3,23-01-2026,04-02-2026,First Class,Cancelled,Bank Transfer,2,0.2,1262.38
ORD-1498,2,25-04-2026,04-05-2026,Second Class,Returned,Store Credit,7,0.1,1755.12
ORD-1499,2,25-01-2026,03-02-2026,Same Day,Cancelled,PayPal,6,0.2,2721.7
ORD-1500,2,15-09-2025,22-09-2025,First Class,Cancelled,Bank Transfer,9,0.15,2321.93
ORD-1501,3,21-01-2025,26-01-2025,Second Class,Processing,Credit Card,10,0,1876.5
ORD-1502,3,25-02-2026,26-02-2026,Second Class,Delivered,Credit Card,5,0.1,1359.63
ORD-1503,1,07-03-2026,12-03-2026,Second Class,Processing,PayPal,6,0.1,2580.98
ORD-1504,2,27-02-2025,11-03-2025,Same Day,Shipped,Bank Transfer,2,0.15,1349.36
ORD-1505,3,29-11-2025,09-12-2025,Same Day,Delivered,Credit Card,5,0,1720.6
ORD-1506,1,09-06-2026,16-06-2026,Standard Class,Cancelled,Credit Card,2,0.2,764.74
ORD-1507,2,11-05-2025,20-05-2025,Second Class,Shipped,Credit Card,10,0,11715.7
ORD-1508,1,01-07-2026,11-07-2026,Second Class,Cancelled,PayPal,10,0.1,4942.98
ORD-1509,3,15-07-2026,17-07-2026,Standard Class,Returned,Bank Transfer,8,0.1,1969.27
ORD-1510,1,17-03-2025,29-03-2025,Same Day,Returned,Debit Card,3,0.2,2532.17
ORD-1511,3,08-09-2025,17-09-2025,Second Class,Shipped,Credit Card,10,0.15,8511.31
ORD-1512,1,10-08-2024,21-08-2024,Same Day,Cancelled,PayPal,10,0,11403
ORD-1513,2,31-01-2025,10-02-2025,Second Class,Processing,Store Credit,1,0.2,186.03
ORD-1514,3,28-10-2025,29-10-2025,First Class,Shipped,Credit Card,4,0,1237.56
ORD-1515,2,22-02-2026,04-03-2026,Standard Class,Processing,Credit Card,3,0.2,1893.58
ORD-1516,3,29-04-2026,05-05-2026,Second Class,Shipped,Store Credit,4,0.15,3386.64
ORD-1517,3,30-03-2026,09-04-2026,Standard Class,Cancelled,Store Credit,3,0.15,165.78
ORD-1518,1,29-05-2026,01-06-2026,First Class,Delivered,Bank Transfer,1,0,1171.57
ORD-1519,3,29-12-2025,09-01-2026,First Class,Delivered,Credit Card,5,0.15,797.51
ORD-1520,3,17-11-2025,21-11-2025,Standard Class,Processing,Bank Transfer,7,0.1,3707.11
ORD-1521,3,03-02-2026,07-02-2026,Standard Class,Delivered,Debit Card,9,0.05,8239.38
ORD-1522,2,04-09-2025,11-09-2025,First Class,Processing,PayPal,3,0,1817.73
ORD-1523,1,16-10-2025,27-10-2025,First Class,Shipped,Debit Card,5,0.05,2031.34
ORD-1524,3,19-02-2026,21-02-2026,Second Class,Cancelled,Debit Card,7,0.1,663.52
ORD-1525,3,06-07-2026,16-07-2026,Second Class,Shipped,Debit Card,6,0.05,1559.01
ORD-1526,3,04-03-2025,07-03-2025,Second Class,Cancelled,Debit Card,5,0.15,4095.6
ORD-1527,3,08-12-2024,14-12-2024,Standard Class,Shipped,PayPal,2,0.1,1020.64
ORD-1528,2,13-12-2025,20-12-2025,First Class,Shipped,Debit Card,7,0,3844.54
ORD-1529,3,15-12-2024,25-12-2024,Second Class,Returned,Debit Card,10,0,4818
ORD-1530,3,06-12-2024,08-12-2024,Same Day,Processing,Debit Card,8,0,4485.28
ORD-1531,1,11-08-2025,14-08-2025,Same Day,Delivered,PayPal,4,0,4317.12
ORD-1532,2,03-05-2025,07-05-2025,Same Day,Processing,Bank Transfer,2,0,604.28
ORD-1533,2,10-06-2025,20-06-2025,Same Day,Returned,Store Credit,7,0.15,1477.38
ORD-1534,2,11-09-2025,20-09-2025,Standard Class,Shipped,Store Credit,2,0.05,1830.97
ORD-1535,3,04-11-2024,13-11-2024,Standard Class,Shipped,PayPal,7,0.1,6308.38
ORD-1536,2,01-10-2025,09-10-2025,Standard Class,Returned,Debit Card,3,0.05,2853.79
ORD-1537,1,03-02-2025,05-02-2025,Second Class,Cancelled,Bank Transfer,9,0,4516.65
ORD-1538,1,30-03-2025,07-04-2025,Same Day,Delivered,PayPal,10,0.15,8466.6
ORD-1539,1,01-01-2026,13-01-2026,Same Day,Processing,Credit Card,2,0,688.24
ORD-1540,1,22-11-2024,29-11-2024,Second Class,Processing,Store Credit,9,0.05,2338
ORD-1541,3,21-11-2024,24-11-2024,Standard Class,Cancelled,PayPal,3,0.2,1412.23
ORD-1542,1,24-03-2025,29-03-2025,Second Class,Delivered,Store Credit,3,0,1647.66
ORD-1543,1,07-09-2024,15-09-2024,Same Day,Shipped,Debit Card,9,0.2,1351.08
ORD-1544,3,13-06-2026,20-06-2026,Standard Class,Shipped,Store Credit,8,0,5924.32
ORD-1545,1,25-10-2025,26-10-2025,First Class,Delivered,Debit Card,3,0,928.17
ORD-1546,1,27-11-2025,03-12-2025,Same Day,Shipped,Debit Card,2,0,1481.08
ORD-1547,1,25-07-2025,02-08-2025,Standard Class,Processing,PayPal,10,0,3595.7
ORD-1548,2,23-09-2025,30-09-2025,Same Day,Shipped,Credit Card,9,0,947.88
ORD-1549,1,19-04-2025,28-04-2025,Second Class,Returned,Credit Card,7,0.1,3707.11
ORD-1550,3,25-02-2026,05-03-2026,First Class,Cancelled,Store Credit,10,0.2,6349.92
ORD-1551,2,21-03-2025,24-03-2025,Same Day,Cancelled,Debit Card,10,0.1,1833.66
ORD-1552,1,08-01-2025,12-01-2025,Same Day,Delivered,Debit Card,1,0,302.14
ORD-1553,3,13-12-2024,19-12-2024,Second Class,Delivered,Debit Card,6,0.1,1733.62
ORD-1554,3,19-09-2024,24-09-2024,First Class,Delivered,Credit Card,5,0.1,1618.07
ORD-1555,1,05-08-2025,17-08-2025,Second Class,Shipped,PayPal,10,0.1,6706.44
ORD-1556,1,01-06-2025,09-06-2025,Same Day,Shipped,Bank Transfer,1,0.15,481.97
ORD-1557,3,28-08-2025,04-09-2025,First Class,Returned,PayPal,1,0.2,84.26
ORD-1558,2,07-10-2024,17-10-2024,Standard Class,Shipped,PayPal,6,0.2,4625.62
ORD-1559,1,09-01-2025,19-01-2025,Standard Class,Processing,PayPal,10,0.05,7079.02
ORD-1560,2,03-01-2025,11-01-2025,First Class,Shipped,Store Credit,4,0,30.32
ORD-1561,2,31-03-2025,01-04-2025,Standard Class,Cancelled,Store Credit,4,0,1044.04
ORD-1562,2,21-04-2025,03-05-2025,Second Class,Delivered,Store Credit,9,0,2092.86
ORD-1563,3,07-01-2025,15-01-2025,Standard Class,Delivered,PayPal,7,0.15,2866.71
ORD-1564,1,02-02-2026,08-02-2026,First Class,Delivered,Store Credit,8,0,4485.28
ORD-1565,2,23-08-2025,27-08-2025,First Class,Cancelled,Credit Card,4,0,2998.68
ORD-1566,3,30-07-2026,01-08-2026,Standard Class,Shipped,Store Credit,1,0.1,246.16
ORD-1567,1,26-03-2026,29-03-2026,Second Class,Delivered,PayPal,5,0.1,4639.59
ORD-1568,2,19-07-2026,20-07-2026,Standard Class,Delivered,Bank Transfer,3,0,315.96
ORD-1569,3,07-08-2024,10-08-2024,Same Day,Returned,PayPal,10,0.1,9495.63
ORD-1570,2,02-12-2025,14-12-2025,Second Class,Delivered,Bank Transfer,9,0,6706.44
ORD-1571,1,22-06-2025,30-06-2025,First Class,Processing,Bank Transfer,4,0,2657.04
ORD-1572,1,24-05-2026,30-05-2026,Standard Class,Cancelled,Credit Card,8,0.05,2615.31
ORD-1573,3,23-10-2025,28-10-2025,Second Class,Returned,Credit Card,6,0.1,5412.64
ORD-1574,1,29-10-2025,04-11-2025,First Class,Returned,Bank Transfer,9,0.15,2152.4
ORD-1575,1,02-07-2026,12-07-2026,Same Day,Cancelled,Credit Card,4,0.1,2941.27
ORD-1576,2,12-12-2025,19-12-2025,Second Class,Shipped,Credit Card,10,0.2,6477.36
ORD-1577,2,23-03-2025,02-04-2025,Standard Class,Cancelled,Debit Card,10,0.05,4767.57
ORD-1578,2,01-06-2026,12-06-2026,First Class,Cancelled,Credit Card,10,0.2,8010.64
ORD-1579,1,22-06-2026,02-07-2026,Second Class,Cancelled,Store Credit,1,0.2,647.74
ORD-1580,2,10-05-2025,14-05-2025,First Class,Returned,PayPal,4,0.15,555.19
ORD-1581,3,30-08-2025,09-09-2025,Same Day,Shipped,PayPal,1,0.1,246.1
ORD-1582,2,23-02-2025,24-02-2025,Standard Class,Processing,Credit Card,9,0.2,5380.49
ORD-1583,2,29-05-2026,09-06-2026,Same Day,Cancelled,Bank Transfer,6,0.15,1266.33
ORD-1584,3,24-03-2026,01-04-2026,Same Day,Processing,Bank Transfer,3,0,2429.01
ORD-1585,3,02-05-2025,05-05-2025,Standard Class,Shipped,Bank Transfer,1,0,359.57
ORD-1586,2,10-03-2026,13-03-2026,Same Day,Returned,Debit Card,7,0.2,1390.48
ORD-1587,1,22-06-2025,29-06-2025,Same Day,Returned,Credit Card,6,0,2565.9
ORD-1588,2,02-09-2024,14-09-2024,First Class,Delivered,Credit Card,9,0,9713.52
ORD-1589,3,19-05-2026,21-05-2026,Standard Class,Shipped,Store Credit,10,0.05,9522.23
ORD-1590,1,19-12-2024,28-12-2024,Same Day,Delivered,Store Credit,10,0,6642.6
ORD-1591,1,11-08-2025,17-08-2025,Same Day,Cancelled,Store Credit,9,0.2,4362.55
ORD-1592,2,25-06-2026,02-07-2026,First Class,Shipped,Credit Card,6,0.2,3809.95
ORD-1593,1,01-12-2024,13-12-2024,Same Day,Returned,Debit Card,10,0,5670.2
ORD-1594,2,01-07-2026,13-07-2026,Same Day,Delivered,Debit Card,10,0,6116.8
ORD-1595,2,29-08-2025,03-09-2025,First Class,Processing,Credit Card,3,0.1,1753.81
ORD-1596,1,06-08-2024,17-08-2024,First Class,Shipped,Bank Transfer,8,0,405.76
ORD-1597,3,17-09-2024,23-09-2024,Second Class,Cancelled,Bank Transfer,2,0,195.18
ORD-1598,3,04-12-2025,16-12-2025,First Class,Delivered,PayPal,3,0,910.56
ORD-1599,2,17-02-2026,24-02-2026,Second Class,Cancelled,Bank Transfer,8,0,4893.44
ORD-1600,2,25-04-2026,26-04-2026,Same Day,Processing,Store Credit,5,0.2,814.96
ORD-1601,2,07-06-2025,14-06-2025,First Class,Processing,PayPal,10,0.15,1175.55
ORD-1602,3,15-10-2024,23-10-2024,Second Class,Returned,PayPal,4,0.15,692.72
ORD-1603,1,29-08-2025,07-09-2025,Standard Class,Delivered,Bank Transfer,1,0.15,292.5
ORD-1604,2,27-12-2025,02-01-2026,First Class,Shipped,Credit Card,4,0.15,3983.34
ORD-1605,3,15-07-2026,25-07-2026,Standard Class,Delivered,Credit Card,4,0.1,1113.8
ORD-1606,2,18-02-2026,20-02-2026,Same Day,Delivered,Bank Transfer,3,0,1445.4
ORD-1607,1,16-11-2025,21-11-2025,First Class,Delivered,Bank Transfer,3,0.2,2736.72
ORD-1608,1,18-06-2026,23-06-2026,Same Day,Shipped,Store Credit,3,0.05,2123.71
ORD-1609,2,28-01-2026,30-01-2026,Second Class,Returned,Credit Card,3,0.1,704.73
ORD-1610,3,21-11-2024,22-11-2024,First Class,Cancelled,Credit Card,2,0,546.9
ORD-1611,1,02-07-2025,03-07-2025,First Class,Cancelled,Store Credit,7,0,1914.57
ORD-1612,3,31-03-2025,08-04-2025,Standard Class,Returned,Debit Card,7,0.05,2843.87
ORD-1613,2,03-10-2024,05-10-2024,First Class,Processing,Bank Transfer,10,0.1,1469.61
ORD-1614,2,09-09-2024,15-09-2024,Standard Class,Cancelled,PayPal,9,0.2,5397.62
ORD-1615,3,04-03-2026,11-03-2026,Same Day,Delivered,PayPal,4,0,930.16
ORD-1616,1,12-09-2025,24-09-2025,Second Class,Delivered,Store Credit,4,0,4220.28
ORD-1617,3,25-09-2025,04-10-2025,Same Day,Delivered,Credit Card,5,0.05,5126.58
ORD-1618,3,14-01-2025,21-01-2025,Same Day,Returned,Debit Card,2,0,1223.36
ORD-1619,3,06-02-2025,18-02-2025,Standard Class,Cancelled,Store Credit,3,0.05,861.1
ORD-1620,1,11-05-2025,12-05-2025,First Class,Delivered,Bank Transfer,3,0.15,773.98
ORD-1621,3,04-11-2025,06-11-2025,Second Class,Delivered,Debit Card,2,0.05,529.32
ORD-1622,3,13-06-2025,19-06-2025,Second Class,Processing,Debit Card,2,0.15,1266.77
ORD-1623,1,13-08-2024,15-08-2024,Same Day,Shipped,PayPal,2,0,1634.04
ORD-1624,1,06-12-2025,16-12-2025,Same Day,Shipped,Credit Card,1,0,278.59
ORD-1625,3,26-08-2025,29-08-2025,First Class,Cancelled,Bank Transfer,2,0.15,1793.62
ORD-1626,2,12-11-2025,23-11-2025,Same Day,Shipped,Debit Card,5,0.1,2168.1
ORD-1627,1,27-10-2025,08-11-2025,First Class,Processing,Bank Transfer,8,0.1,2477.66
ORD-1628,3,04-02-2026,06-02-2026,First Class,Returned,Store Credit,9,0,9279.18
ORD-1629,1,03-10-2025,08-10-2025,Second Class,Cancelled,Bank Transfer,1,0,664.26
ORD-1630,1,26-12-2025,27-12-2025,Same Day,Processing,PayPal,6,0,1671.54
ORD-1631,1,23-09-2024,24-09-2024,Second Class,Shipped,Credit Card,2,0.15,165.9
ORD-1632,3,10-06-2026,14-06-2026,First Class,Cancelled,Debit Card,8,0.1,3079.08
ORD-1633,1,17-10-2024,19-10-2024,Second Class,Cancelled,Debit Card,6,0,631.92
ORD-1634,1,27-02-2026,07-03-2026,Same Day,Shipped,Debit Card,10,0.05,1000.54
ORD-1635,3,09-03-2025,15-03-2025,Second Class,Processing,PayPal,3,0.05,1893.14
ORD-1636,2,03-10-2024,15-10-2024,Second Class,Delivered,Bank Transfer,10,0,7451.6
ORD-1637,1,11-02-2026,15-02-2026,Second Class,Returned,Store Credit,5,0.1,1444.68
ORD-1638,2,16-06-2025,20-06-2025,First Class,Delivered,Bank Transfer,10,0.05,10023.16
ORD-1639,1,16-05-2025,26-05-2025,Standard Class,Cancelled,Credit Card,4,0.1,1092.67
ORD-1640,2,26-11-2025,03-12-2025,Standard Class,Cancelled,Bank Transfer,9,0.05,8570.01
ORD-1641,1,13-07-2025,25-07-2025,First Class,Processing,Debit Card,7,0,7385.49
ORD-1642,3,25-08-2025,05-09-2025,Same Day,Returned,Store Credit,5,0,5275.35
ORD-1643,2,08-11-2024,20-11-2024,Same Day,Delivered,Credit Card,7,0,4649.82
ORD-1644,2,13-05-2025,22-05-2025,First Class,Returned,Store Credit,1,0,105.32
ORD-1645,1,06-03-2026,16-03-2026,First Class,Delivered,Credit Card,6,0.15,2768.43
ORD-1646,3,03-09-2025,09-09-2025,Standard Class,Returned,Debit Card,6,0,4483.74
ORD-1647,3,03-07-2026,14-07-2026,Second Class,Shipped,PayPal,8,0.15,5067.09
ORD-1648,2,14-11-2024,19-11-2024,First Class,Cancelled,Bank Transfer,1,0,105.32
ORD-1649,3,09-12-2025,17-12-2025,First Class,Cancelled,Store Credit,9,0.15,8962.51
ORD-1650,1,31-05-2026,04-06-2026,Same Day,Shipped,PayPal,8,0,780.72
